{"ZPT":4032.0877,"Harm":[3381.279,3297.516,1500.54],"Fund":[3187.601,3123.363,1459.768],"Corr":[3187.6013,3123.3634,1459.7676],"Rots":[[13.0908061,8.1019162,22.8024644],[13.0324334,7.9693891,21.6654266],[12.9040136,7.9301675,22.1019097],[13.2666897,7.9669202,24.7023631]],"Deltas":[31.7560724197,545.9677633732,-117.000911257,12.6858337852,8.4519740684],"Phis":[12877.98353,1248108.808,-80507.83748,-120643.3006,6386.248637,-15659.20104,230748.7594],"Rhead":["r(H1-N2)","r(N2-H3)","\u003c(N2-H1-H3)"],"Ralpha":[1.0454801,1.0454801,101.3978393],"Requil":[1.0283597,1.0283597,101.8571381],"Fermi":null,"Be":[22.77282,13.12092,8.32458],"Lin":false,"Imag":false,"LX":[3381.28,3297.52,1500.54,0.03,0,0,0,0,0.02]}
