{"ZPT":7707.7802,"Harm":[3867.847,2673.152,2572.849,1376.67,1190.855,1188.159,1061.899,894.045,785.41],"Fund":[3681.145,2556.17,2465.863,1347.804,1153.333,1167.808,1048.834,880.746,751.451],"Corr":[3681.1448,2556.1697,2455.495,1347.6621,1153.3334,1167.808,1048.8335,880.7463,751.4507],"Rots":[[1.0113446,0.8568945,5.7365157],[1.0105043,0.8549778,5.6750914],[1.0099718,0.8554764,5.6974412],[1.0108934,0.8551928,5.6708822],[1.0116576,0.8510948,5.7551848],[1.0129151,0.8537386,5.8477604],[1.0099623,0.8539757,5.7608479],[1.0035481,0.8580774,5.6776109],[1.0098314,0.8542704,5.8929004],[1.0072474,0.8569197,5.5899684]],"Deltas":[0.0628859256,5.3961349718,0.5258351079,0.0103832985,0.4616012036],"Phis":[0.09316332315,729.5182428,10.515745,-18.94227221,0.04935606797,6.08470593,291.9370944],"Rhead":["r(H1-B2)","r(B2-O3)","r(O3-H4)","r(O3-H5)","\u003c(B2-H1-O3)","\u003c(O3-B2-H4)","\u003c(O3-B2-H5)"],"Ralpha":[1.2019254,1.3597763,0.9600271,2.2313664,116.8081382,113.329747,27.7877851],"Requil":[1.1910927,1.3531711,0.9590492,2.2140672,116.7657455,112.8640078,27.7855032],"Fermi":["2v_4=v_5+v_4=v_6+v_4=v_2","2v_4=2v_5=2v_6=v_5+v_4=v_6+v_4=v_6+v_5=v_3","2v_9=v_4"],"Be":[5.76699,1.01912,0.86607],"Lin":false,"Imag":false,"LX":[3867.85,2673.15,2572.85,1376.67,1190.86,1188.16,1061.9,894.04,785.41,0.05,0.02,0.02,0,0.02,0.02]}
